Height ,Weight ,Age ,Grip strength ,Frailty 
65.8 ,50.80286673,30 ,30 ,N 
71.5 ,61.68919532,19 ,31 ,N 
69.4 ,69.40034473,45 ,29 ,N 
68.2 ,64.41077747,22 ,28 ,Y 
67.8 ,65.31797151,29 ,24 ,Y 
68.7 ,55.792434,50 ,26 ,N 
69.8 ,63.95718044,51 ,22 ,Y 
70.1 ,61.68919532,23 ,20 ,Y 
67.9 ,50.80286673,17 ,19 ,N 
66.8 ,54.43164293,39 ,31 ,N 
